Mon Oct 20 10:26:18 2025,7764,"RRO.exe",sigcheck,2,OK,af150cb029556c4ebfbbf2ec8199cae4fe2b9b688c2d76eda6b597b95630452b,"Untrusted signature or suspicious module: F:\Private MMO\Republic Project\2. Client-Renewal\RRO.exe",0.2.0
Mon Oct 20 10:26:32 2025,7764,"Oblivion AntiCheat",overlay,3,OK,af150cb029556c4ebfbbf2ec8199cae4fe2b9b688c2d76eda6b597b95630452b,"Suspicious overlay detected: title='Oblivion AntiCheat' class='#32770'",0.2.0
Mon Oct 20 10:26:47 2025,7764,"RRO.exe",heartbeat,0,OK,af150cb029556c4ebfbbf2ec8199cae4fe2b9b688c2d76eda6b597b95630452b,"heartbeat",0.2.0
Mon Oct 20 10:28:38 2025,4424,"RRO.exe",sigcheck,2,OK,af150cb029556c4ebfbbf2ec8199cae4fe2b9b688c2d76eda6b597b95630452b,"Untrusted signature or suspicious module: F:\Private MMO\Republic Project\2. Client-Renewal\RRO.exe",0.2.0
Mon Oct 20 10:57:15 2025,13624,"RRO.exe",heartbeat,0,OK,af150cb029556c4ebfbbf2ec8199cae4fe2b9b688c2d76eda6b597b95630452b,"heartbeat",0.2.0
Mon Oct 20 10:57:16 2025,5172,"Cheat Engine (Admin)",overlay,3,OK,af150cb029556c4ebfbbf2ec8199cae4fe2b9b688c2d76eda6b597b95630452b,"Suspicious overlay detected: title='Cheat Engine (Admin)' class='Window'",0.2.0
Mon Oct 20 10:58:07 2025,5440,"Cheatprogram",overlay,3,OK,af150cb029556c4ebfbbf2ec8199cae4fe2b9b688c2d76eda6b597b95630452b,"Suspicious overlay detected: title='Cheatprogram' class='CabinetWClass'",0.2.0
Mon Oct 20 10:59:49 2025,4472,"RRO.exe",heartbeat,0,OK,af150cb029556c4ebfbbf2ec8199cae4fe2b9b688c2d76eda6b597b95630452b,"heartbeat",0.2.0
Mon Oct 20 11:00:19 2025,4472,"RRO.exe",heartbeat,0,OK,af150cb029556c4ebfbbf2ec8199cae4fe2b9b688c2d76eda6b597b95630452b,"heartbeat",0.2.0
Mon Oct 20 11:00:21 2025,5440,"XamlExplorerHostIslandWindow",overlay,4,OK,af150cb029556c4ebfbbf2ec8199cae4fe2b9b688c2d76eda6b597b95630452b,"Suspicious overlay detected: title='XamlExplorerHostIslandWindow' class='XamlExplorerHostIslandWindow'",0.2.0
Mon Oct 20 11:08:57 2025,8648,"RRO.exe",heartbeat,0,OK,af150cb029556c4ebfbbf2ec8199cae4fe2b9b688c2d76eda6b597b95630452b,"heartbeat",0.2.0
Mon Oct 20 11:09:27 2025,8648,"RRO.exe",heartbeat,0,OK,af150cb029556c4ebfbbf2ec8199cae4fe2b9b688c2d76eda6b597b95630452b,"heartbeat",0.2.0
Mon Oct 20 11:09:57 2025,8648,"RRO.exe",heartbeat,0,OK,af150cb029556c4ebfbbf2ec8199cae4fe2b9b688c2d76eda6b597b95630452b,"heartbeat",0.2.0
Mon Oct 20 11:10:27 2025,8648,"RRO.exe",heartbeat,0,OK,af150cb029556c4ebfbbf2ec8199cae4fe2b9b688c2d76eda6b597b95630452b,"heartbeat",0.2.0
Mon Oct 20 11:10:57 2025,8648,"RRO.exe",heartbeat,0,OK,af150cb029556c4ebfbbf2ec8199cae4fe2b9b688c2d76eda6b597b95630452b,"heartbeat",0.2.0
Mon Oct 20 11:11:27 2025,8648,"RRO.exe",heartbeat,0,OK,af150cb029556c4ebfbbf2ec8199cae4fe2b9b688c2d76eda6b597b95630452b,"heartbeat",0.2.0
Mon Oct 20 11:11:57 2025,8648,"RRO.exe",heartbeat,0,OK,af150cb029556c4ebfbbf2ec8199cae4fe2b9b688c2d76eda6b597b95630452b,"heartbeat",0.2.0
Mon Oct 20 11:12:27 2025,8648,"RRO.exe",heartbeat,0,OK,af150cb029556c4ebfbbf2ec8199cae4fe2b9b688c2d76eda6b597b95630452b,"heartbeat",0.2.0
Mon Oct 20 11:12:57 2025,8648,"RRO.exe",heartbeat,0,OK,af150cb029556c4ebfbbf2ec8199cae4fe2b9b688c2d76eda6b597b95630452b,"heartbeat",0.2.0
Mon Oct 20 11:13:27 2025,8648,"RRO.exe",heartbeat,0,OK,af150cb029556c4ebfbbf2ec8199cae4fe2b9b688c2d76eda6b597b95630452b,"heartbeat",0.2.0
Mon Oct 20 11:13:57 2025,8648,"RRO.exe",heartbeat,0,OK,af150cb029556c4ebfbbf2ec8199cae4fe2b9b688c2d76eda6b597b95630452b,"heartbeat",0.2.0
Mon Oct 20 11:14:27 2025,8648,"RRO.exe",heartbeat,0,OK,af150cb029556c4ebfbbf2ec8199cae4fe2b9b688c2d76eda6b597b95630452b,"heartbeat",0.2.0
Mon Oct 20 11:14:58 2025,8648,"RRO.exe",heartbeat,0,OK,af150cb029556c4ebfbbf2ec8199cae4fe2b9b688c2d76eda6b597b95630452b,"heartbeat",0.2.0
Mon Oct 20 11:15:28 2025,8648,"RRO.exe",heartbeat,0,OK,af150cb029556c4ebfbbf2ec8199cae4fe2b9b688c2d76eda6b597b95630452b,"heartbeat",0.2.0
Mon Oct 20 11:15:58 2025,8648,"RRO.exe",heartbeat,0,OK,af150cb029556c4ebfbbf2ec8199cae4fe2b9b688c2d76eda6b597b95630452b,"heartbeat",0.2.0
Mon Oct 20 11:16:28 2025,8648,"RRO.exe",heartbeat,0,OK,af150cb029556c4ebfbbf2ec8199cae4fe2b9b688c2d76eda6b597b95630452b,"heartbeat",0.2.0
Mon Oct 20 11:16:58 2025,8648,"RRO.exe",heartbeat,0,OK,af150cb029556c4ebfbbf2ec8199cae4fe2b9b688c2d76eda6b597b95630452b,"heartbeat",0.2.0
Mon Oct 20 11:17:28 2025,8648,"RRO.exe",heartbeat,0,OK,af150cb029556c4ebfbbf2ec8199cae4fe2b9b688c2d76eda6b597b95630452b,"heartbeat",0.2.0
Mon Oct 20 11:17:58 2025,8648,"RRO.exe",heartbeat,0,OK,af150cb029556c4ebfbbf2ec8199cae4fe2b9b688c2d76eda6b597b95630452b,"heartbeat",0.2.0
Mon Oct 20 11:18:28 2025,8648,"RRO.exe",heartbeat,0,OK,af150cb029556c4ebfbbf2ec8199cae4fe2b9b688c2d76eda6b597b95630452b,"heartbeat",0.2.0
Mon Oct 20 11:18:58 2025,8648,"RRO.exe",heartbeat,0,OK,af150cb029556c4ebfbbf2ec8199cae4fe2b9b688c2d76eda6b597b95630452b,"heartbeat",0.2.0
Mon Oct 20 11:19:28 2025,8648,"RRO.exe",heartbeat,0,OK,af150cb029556c4ebfbbf2ec8199cae4fe2b9b688c2d76eda6b597b95630452b,"heartbeat",0.2.0
Mon Oct 20 11:19:58 2025,8648,"RRO.exe",heartbeat,0,OK,af150cb029556c4ebfbbf2ec8199cae4fe2b9b688c2d76eda6b597b95630452b,"heartbeat",0.2.0
Mon Oct 20 11:20:28 2025,8648,"RRO.exe",heartbeat,0,OK,af150cb029556c4ebfbbf2ec8199cae4fe2b9b688c2d76eda6b597b95630452b,"heartbeat",0.2.0
Mon Oct 20 11:20:58 2025,8648,"RRO.exe",heartbeat,0,OK,af150cb029556c4ebfbbf2ec8199cae4fe2b9b688c2d76eda6b597b95630452b,"heartbeat",0.2.0
Mon Oct 20 11:21:28 2025,8648,"RRO.exe",heartbeat,0,OK,af150cb029556c4ebfbbf2ec8199cae4fe2b9b688c2d76eda6b597b95630452b,"heartbeat",0.2.0
Mon Oct 20 11:21:58 2025,8648,"RRO.exe",heartbeat,0,OK,af150cb029556c4ebfbbf2ec8199cae4fe2b9b688c2d76eda6b597b95630452b,"heartbeat",0.2.0
Mon Oct 20 11:22:28 2025,8648,"RRO.exe",heartbeat,0,OK,af150cb029556c4ebfbbf2ec8199cae4fe2b9b688c2d76eda6b597b95630452b,"heartbeat",0.2.0
Mon Oct 20 11:22:58 2025,8648,"RRO.exe",heartbeat,0,OK,af150cb029556c4ebfbbf2ec8199cae4fe2b9b688c2d76eda6b597b95630452b,"heartbeat",0.2.0
Mon Oct 20 11:23:28 2025,8648,"RRO.exe",heartbeat,0,OK,af150cb029556c4ebfbbf2ec8199cae4fe2b9b688c2d76eda6b597b95630452b,"heartbeat",0.2.0
Mon Oct 20 11:23:58 2025,8648,"RRO.exe",heartbeat,0,OK,af150cb029556c4ebfbbf2ec8199cae4fe2b9b688c2d76eda6b597b95630452b,"heartbeat",0.2.0
Mon Oct 20 11:24:28 2025,8648,"RRO.exe",heartbeat,0,OK,af150cb029556c4ebfbbf2ec8199cae4fe2b9b688c2d76eda6b597b95630452b,"heartbeat",0.2.0
Mon Oct 20 11:24:58 2025,8648,"RRO.exe",heartbeat,0,OK,af150cb029556c4ebfbbf2ec8199cae4fe2b9b688c2d76eda6b597b95630452b,"heartbeat",0.2.0
Mon Oct 20 11:25:28 2025,8648,"RRO.exe",heartbeat,0,OK,af150cb029556c4ebfbbf2ec8199cae4fe2b9b688c2d76eda6b597b95630452b,"heartbeat",0.2.0
Mon Oct 20 11:25:58 2025,8648,"RRO.exe",heartbeat,0,OK,af150cb029556c4ebfbbf2ec8199cae4fe2b9b688c2d76eda6b597b95630452b,"heartbeat",0.2.0
Mon Oct 20 11:26:28 2025,8648,"RRO.exe",heartbeat,0,OK,af150cb029556c4ebfbbf2ec8199cae4fe2b9b688c2d76eda6b597b95630452b,"heartbeat",0.2.0
Mon Oct 20 11:26:58 2025,8648,"RRO.exe",heartbeat,0,OK,af150cb029556c4ebfbbf2ec8199cae4fe2b9b688c2d76eda6b597b95630452b,"heartbeat",0.2.0
Mon Oct 20 11:27:28 2025,8648,"RRO.exe",heartbeat,0,OK,af150cb029556c4ebfbbf2ec8199cae4fe2b9b688c2d76eda6b597b95630452b,"heartbeat",0.2.0
Mon Oct 20 11:27:58 2025,8648,"RRO.exe",heartbeat,0,OK,af150cb029556c4ebfbbf2ec8199cae4fe2b9b688c2d76eda6b597b95630452b,"heartbeat",0.2.0
Mon Oct 20 11:28:28 2025,8648,"RRO.exe",heartbeat,0,OK,af150cb029556c4ebfbbf2ec8199cae4fe2b9b688c2d76eda6b597b95630452b,"heartbeat",0.2.0
Mon Oct 20 11:28:58 2025,8648,"RRO.exe",heartbeat,0,OK,af150cb029556c4ebfbbf2ec8199cae4fe2b9b688c2d76eda6b597b95630452b,"heartbeat",0.2.0
Mon Oct 20 11:29:28 2025,8648,"RRO.exe",heartbeat,0,OK,af150cb029556c4ebfbbf2ec8199cae4fe2b9b688c2d76eda6b597b95630452b,"heartbeat",0.2.0
Mon Oct 20 11:29:58 2025,8648,"RRO.exe",heartbeat,0,OK,af150cb029556c4ebfbbf2ec8199cae4fe2b9b688c2d76eda6b597b95630452b,"heartbeat",0.2.0
Mon Oct 20 11:30:28 2025,8648,"RRO.exe",heartbeat,0,OK,af150cb029556c4ebfbbf2ec8199cae4fe2b9b688c2d76eda6b597b95630452b,"heartbeat",0.2.0
Mon Oct 20 11:30:58 2025,8648,"RRO.exe",heartbeat,0,OK,af150cb029556c4ebfbbf2ec8199cae4fe2b9b688c2d76eda6b597b95630452b,"heartbeat",0.2.0
Mon Oct 20 11:31:28 2025,8648,"RRO.exe",heartbeat,0,OK,af150cb029556c4ebfbbf2ec8199cae4fe2b9b688c2d76eda6b597b95630452b,"heartbeat",0.2.0
Mon Oct 20 11:31:58 2025,8648,"RRO.exe",heartbeat,0,OK,af150cb029556c4ebfbbf2ec8199cae4fe2b9b688c2d76eda6b597b95630452b,"heartbeat",0.2.0
Mon Oct 20 11:32:28 2025,8648,"RRO.exe",heartbeat,0,OK,af150cb029556c4ebfbbf2ec8199cae4fe2b9b688c2d76eda6b597b95630452b,"heartbeat",0.2.0
Mon Oct 20 11:32:58 2025,8648,"RRO.exe",heartbeat,0,OK,af150cb029556c4ebfbbf2ec8199cae4fe2b9b688c2d76eda6b597b95630452b,"heartbeat",0.2.0
Mon Oct 20 11:33:28 2025,8648,"RRO.exe",heartbeat,0,OK,af150cb029556c4ebfbbf2ec8199cae4fe2b9b688c2d76eda6b597b95630452b,"heartbeat",0.2.0
Mon Oct 20 11:33:58 2025,8648,"RRO.exe",heartbeat,0,OK,af150cb029556c4ebfbbf2ec8199cae4fe2b9b688c2d76eda6b597b95630452b,"heartbeat",0.2.0
Mon Oct 20 11:34:28 2025,8648,"RRO.exe",heartbeat,0,OK,af150cb029556c4ebfbbf2ec8199cae4fe2b9b688c2d76eda6b597b95630452b,"heartbeat",0.2.0
Mon Oct 20 11:34:58 2025,8648,"RRO.exe",heartbeat,0,OK,af150cb029556c4ebfbbf2ec8199cae4fe2b9b688c2d76eda6b597b95630452b,"heartbeat",0.2.0
Mon Oct 20 11:35:28 2025,8648,"RRO.exe",heartbeat,0,OK,af150cb029556c4ebfbbf2ec8199cae4fe2b9b688c2d76eda6b597b95630452b,"heartbeat",0.2.0
Mon Oct 20 11:35:58 2025,8648,"RRO.exe",heartbeat,0,OK,af150cb029556c4ebfbbf2ec8199cae4fe2b9b688c2d76eda6b597b95630452b,"heartbeat",0.2.0
Mon Oct 20 11:36:28 2025,8648,"RRO.exe",heartbeat,0,OK,af150cb029556c4ebfbbf2ec8199cae4fe2b9b688c2d76eda6b597b95630452b,"heartbeat",0.2.0
Mon Oct 20 11:36:58 2025,8648,"RRO.exe",heartbeat,0,OK,af150cb029556c4ebfbbf2ec8199cae4fe2b9b688c2d76eda6b597b95630452b,"heartbeat",0.2.0
Mon Oct 20 11:37:28 2025,8648,"RRO.exe",heartbeat,0,OK,af150cb029556c4ebfbbf2ec8199cae4fe2b9b688c2d76eda6b597b95630452b,"heartbeat",0.2.0
Mon Oct 20 11:37:58 2025,8648,"RRO.exe",heartbeat,0,OK,af150cb029556c4ebfbbf2ec8199cae4fe2b9b688c2d76eda6b597b95630452b,"heartbeat",0.2.0
Mon Oct 20 11:38:28 2025,8648,"RRO.exe",heartbeat,0,OK,af150cb029556c4ebfbbf2ec8199cae4fe2b9b688c2d76eda6b597b95630452b,"heartbeat",0.2.0
Mon Oct 20 11:38:58 2025,8648,"RRO.exe",heartbeat,0,OK,af150cb029556c4ebfbbf2ec8199cae4fe2b9b688c2d76eda6b597b95630452b,"heartbeat",0.2.0
Mon Oct 20 11:39:28 2025,8648,"RRO.exe",heartbeat,0,OK,af150cb029556c4ebfbbf2ec8199cae4fe2b9b688c2d76eda6b597b95630452b,"heartbeat",0.2.0
Mon Oct 20 11:39:58 2025,8648,"RRO.exe",heartbeat,0,OK,af150cb029556c4ebfbbf2ec8199cae4fe2b9b688c2d76eda6b597b95630452b,"heartbeat",0.2.0
Mon Oct 20 11:40:28 2025,8648,"RRO.exe",heartbeat,0,OK,af150cb029556c4ebfbbf2ec8199cae4fe2b9b688c2d76eda6b597b95630452b,"heartbeat",0.2.0
Mon Oct 20 11:40:58 2025,8648,"RRO.exe",heartbeat,0,OK,af150cb029556c4ebfbbf2ec8199cae4fe2b9b688c2d76eda6b597b95630452b,"heartbeat",0.2.0
Mon Oct 20 11:41:28 2025,8648,"RRO.exe",heartbeat,0,OK,af150cb029556c4ebfbbf2ec8199cae4fe2b9b688c2d76eda6b597b95630452b,"heartbeat",0.2.0
Mon Oct 20 11:41:58 2025,8648,"RRO.exe",heartbeat,0,OK,af150cb029556c4ebfbbf2ec8199cae4fe2b9b688c2d76eda6b597b95630452b,"heartbeat",0.2.0
Mon Oct 20 11:42:28 2025,8648,"RRO.exe",heartbeat,0,OK,af150cb029556c4ebfbbf2ec8199cae4fe2b9b688c2d76eda6b597b95630452b,"heartbeat",0.2.0
Mon Oct 20 11:42:58 2025,8648,"RRO.exe",heartbeat,0,OK,af150cb029556c4ebfbbf2ec8199cae4fe2b9b688c2d76eda6b597b95630452b,"heartbeat",0.2.0
Mon Oct 20 11:43:28 2025,8648,"RRO.exe",heartbeat,0,OK,af150cb029556c4ebfbbf2ec8199cae4fe2b9b688c2d76eda6b597b95630452b,"heartbeat",0.2.0
Mon Oct 20 11:43:58 2025,8648,"RRO.exe",heartbeat,0,OK,af150cb029556c4ebfbbf2ec8199cae4fe2b9b688c2d76eda6b597b95630452b,"heartbeat",0.2.0
Mon Oct 20 11:44:28 2025,8648,"RRO.exe",heartbeat,0,OK,af150cb029556c4ebfbbf2ec8199cae4fe2b9b688c2d76eda6b597b95630452b,"heartbeat",0.2.0
Mon Oct 20 11:44:58 2025,8648,"RRO.exe",heartbeat,0,OK,af150cb029556c4ebfbbf2ec8199cae4fe2b9b688c2d76eda6b597b95630452b,"heartbeat",0.2.0
Mon Oct 20 11:45:28 2025,8648,"RRO.exe",heartbeat,0,OK,af150cb029556c4ebfbbf2ec8199cae4fe2b9b688c2d76eda6b597b95630452b,"heartbeat",0.2.0
Mon Oct 20 11:45:58 2025,8648,"RRO.exe",heartbeat,0,OK,af150cb029556c4ebfbbf2ec8199cae4fe2b9b688c2d76eda6b597b95630452b,"heartbeat",0.2.0
Mon Oct 20 11:46:28 2025,8648,"RRO.exe",heartbeat,0,OK,af150cb029556c4ebfbbf2ec8199cae4fe2b9b688c2d76eda6b597b95630452b,"heartbeat",0.2.0
Mon Oct 20 11:46:58 2025,8648,"RRO.exe",heartbeat,0,OK,af150cb029556c4ebfbbf2ec8199cae4fe2b9b688c2d76eda6b597b95630452b,"heartbeat",0.2.0
Mon Oct 20 11:47:28 2025,8648,"RRO.exe",heartbeat,0,OK,af150cb029556c4ebfbbf2ec8199cae4fe2b9b688c2d76eda6b597b95630452b,"heartbeat",0.2.0
Mon Oct 20 11:47:58 2025,8648,"RRO.exe",heartbeat,0,OK,af150cb029556c4ebfbbf2ec8199cae4fe2b9b688c2d76eda6b597b95630452b,"heartbeat",0.2.0
Mon Oct 20 11:48:28 2025,8648,"RRO.exe",heartbeat,0,OK,af150cb029556c4ebfbbf2ec8199cae4fe2b9b688c2d76eda6b597b95630452b,"heartbeat",0.2.0
Mon Oct 20 11:48:58 2025,8648,"RRO.exe",heartbeat,0,OK,af150cb029556c4ebfbbf2ec8199cae4fe2b9b688c2d76eda6b597b95630452b,"heartbeat",0.2.0
Mon Oct 20 11:49:28 2025,8648,"RRO.exe",heartbeat,0,OK,af150cb029556c4ebfbbf2ec8199cae4fe2b9b688c2d76eda6b597b95630452b,"heartbeat",0.2.0
Mon Oct 20 11:49:58 2025,8648,"RRO.exe",heartbeat,0,OK,af150cb029556c4ebfbbf2ec8199cae4fe2b9b688c2d76eda6b597b95630452b,"heartbeat",0.2.0
Mon Oct 20 11:50:28 2025,8648,"RRO.exe",heartbeat,0,OK,af150cb029556c4ebfbbf2ec8199cae4fe2b9b688c2d76eda6b597b95630452b,"heartbeat",0.2.0
Mon Oct 20 11:50:58 2025,8648,"RRO.exe",heartbeat,0,OK,af150cb029556c4ebfbbf2ec8199cae4fe2b9b688c2d76eda6b597b95630452b,"heartbeat",0.2.0
Mon Oct 20 11:51:28 2025,8648,"RRO.exe",heartbeat,0,OK,af150cb029556c4ebfbbf2ec8199cae4fe2b9b688c2d76eda6b597b95630452b,"heartbeat",0.2.0
Mon Oct 20 11:51:58 2025,8648,"RRO.exe",heartbeat,0,OK,af150cb029556c4ebfbbf2ec8199cae4fe2b9b688c2d76eda6b597b95630452b,"heartbeat",0.2.0
Mon Oct 20 11:52:28 2025,8648,"RRO.exe",heartbeat,0,OK,af150cb029556c4ebfbbf2ec8199cae4fe2b9b688c2d76eda6b597b95630452b,"heartbeat",0.2.0
Mon Oct 20 11:52:58 2025,8648,"RRO.exe",heartbeat,0,OK,af150cb029556c4ebfbbf2ec8199cae4fe2b9b688c2d76eda6b597b95630452b,"heartbeat",0.2.0
Mon Oct 20 11:53:28 2025,8648,"RRO.exe",heartbeat,0,OK,af150cb029556c4ebfbbf2ec8199cae4fe2b9b688c2d76eda6b597b95630452b,"heartbeat",0.2.0
Mon Oct 20 11:53:58 2025,8648,"RRO.exe",heartbeat,0,OK,af150cb029556c4ebfbbf2ec8199cae4fe2b9b688c2d76eda6b597b95630452b,"heartbeat",0.2.0
Mon Oct 20 11:54:28 2025,8648,"RRO.exe",heartbeat,0,OK,af150cb029556c4ebfbbf2ec8199cae4fe2b9b688c2d76eda6b597b95630452b,"heartbeat",0.2.0
Mon Oct 20 11:54:58 2025,8648,"RRO.exe",heartbeat,0,OK,af150cb029556c4ebfbbf2ec8199cae4fe2b9b688c2d76eda6b597b95630452b,"heartbeat",0.2.0
Mon Oct 20 11:55:28 2025,8648,"RRO.exe",heartbeat,0,OK,af150cb029556c4ebfbbf2ec8199cae4fe2b9b688c2d76eda6b597b95630452b,"heartbeat",0.2.0
Mon Oct 20 11:55:58 2025,8648,"RRO.exe",heartbeat,0,OK,af150cb029556c4ebfbbf2ec8199cae4fe2b9b688c2d76eda6b597b95630452b,"heartbeat",0.2.0
Mon Oct 20 11:56:28 2025,8648,"RRO.exe",heartbeat,0,OK,af150cb029556c4ebfbbf2ec8199cae4fe2b9b688c2d76eda6b597b95630452b,"heartbeat",0.2.0
Mon Oct 20 11:56:58 2025,8648,"RRO.exe",heartbeat,0,OK,af150cb029556c4ebfbbf2ec8199cae4fe2b9b688c2d76eda6b597b95630452b,"heartbeat",0.2.0
Mon Oct 20 11:57:28 2025,8648,"RRO.exe",heartbeat,0,OK,af150cb029556c4ebfbbf2ec8199cae4fe2b9b688c2d76eda6b597b95630452b,"heartbeat",0.2.0
Mon Oct 20 11:57:58 2025,8648,"RRO.exe",heartbeat,0,OK,af150cb029556c4ebfbbf2ec8199cae4fe2b9b688c2d76eda6b597b95630452b,"heartbeat",0.2.0
Mon Oct 20 11:58:28 2025,8648,"RRO.exe",heartbeat,0,OK,af150cb029556c4ebfbbf2ec8199cae4fe2b9b688c2d76eda6b597b95630452b,"heartbeat",0.2.0
Mon Oct 20 11:58:58 2025,8648,"RRO.exe",heartbeat,0,OK,af150cb029556c4ebfbbf2ec8199cae4fe2b9b688c2d76eda6b597b95630452b,"heartbeat",0.2.0
Mon Oct 20 11:59:28 2025,8648,"RRO.exe",heartbeat,0,OK,af150cb029556c4ebfbbf2ec8199cae4fe2b9b688c2d76eda6b597b95630452b,"heartbeat",0.2.0
Mon Oct 20 11:59:58 2025,8648,"RRO.exe",heartbeat,0,OK,af150cb029556c4ebfbbf2ec8199cae4fe2b9b688c2d76eda6b597b95630452b,"heartbeat",0.2.0
Mon Oct 20 12:00:28 2025,8648,"RRO.exe",heartbeat,0,OK,af150cb029556c4ebfbbf2ec8199cae4fe2b9b688c2d76eda6b597b95630452b,"heartbeat",0.2.0
Mon Oct 20 12:00:58 2025,8648,"RRO.exe",heartbeat,0,OK,af150cb029556c4ebfbbf2ec8199cae4fe2b9b688c2d76eda6b597b95630452b,"heartbeat",0.2.0
Mon Oct 20 12:01:28 2025,8648,"RRO.exe",heartbeat,0,OK,af150cb029556c4ebfbbf2ec8199cae4fe2b9b688c2d76eda6b597b95630452b,"heartbeat",0.2.0
Mon Oct 20 12:01:58 2025,8648,"RRO.exe",heartbeat,0,OK,af150cb029556c4ebfbbf2ec8199cae4fe2b9b688c2d76eda6b597b95630452b,"heartbeat",0.2.0
Mon Oct 20 12:02:28 2025,8648,"RRO.exe",heartbeat,0,OK,af150cb029556c4ebfbbf2ec8199cae4fe2b9b688c2d76eda6b597b95630452b,"heartbeat",0.2.0
Mon Oct 20 12:02:58 2025,8648,"RRO.exe",heartbeat,0,OK,af150cb029556c4ebfbbf2ec8199cae4fe2b9b688c2d76eda6b597b95630452b,"heartbeat",0.2.0
Mon Oct 20 12:03:28 2025,8648,"RRO.exe",heartbeat,0,OK,af150cb029556c4ebfbbf2ec8199cae4fe2b9b688c2d76eda6b597b95630452b,"heartbeat",0.2.0
Mon Oct 20 12:03:58 2025,8648,"RRO.exe",heartbeat,0,OK,af150cb029556c4ebfbbf2ec8199cae4fe2b9b688c2d76eda6b597b95630452b,"heartbeat",0.2.0
Mon Oct 20 12:04:28 2025,8648,"RRO.exe",heartbeat,0,OK,af150cb029556c4ebfbbf2ec8199cae4fe2b9b688c2d76eda6b597b95630452b,"heartbeat",0.2.0
Mon Oct 20 12:04:58 2025,8648,"RRO.exe",heartbeat,0,OK,af150cb029556c4ebfbbf2ec8199cae4fe2b9b688c2d76eda6b597b95630452b,"heartbeat",0.2.0
Mon Oct 20 12:05:28 2025,8648,"RRO.exe",heartbeat,0,OK,af150cb029556c4ebfbbf2ec8199cae4fe2b9b688c2d76eda6b597b95630452b,"heartbeat",0.2.0
Mon Oct 20 12:05:58 2025,8648,"RRO.exe",heartbeat,0,OK,af150cb029556c4ebfbbf2ec8199cae4fe2b9b688c2d76eda6b597b95630452b,"heartbeat",0.2.0
Mon Oct 20 12:06:28 2025,8648,"RRO.exe",heartbeat,0,OK,af150cb029556c4ebfbbf2ec8199cae4fe2b9b688c2d76eda6b597b95630452b,"heartbeat",0.2.0
Mon Oct 20 12:06:58 2025,8648,"RRO.exe",heartbeat,0,OK,af150cb029556c4ebfbbf2ec8199cae4fe2b9b688c2d76eda6b597b95630452b,"heartbeat",0.2.0
Mon Oct 20 12:07:28 2025,8648,"RRO.exe",heartbeat,0,OK,af150cb029556c4ebfbbf2ec8199cae4fe2b9b688c2d76eda6b597b95630452b,"heartbeat",0.2.0
Mon Oct 20 12:07:58 2025,8648,"RRO.exe",heartbeat,0,OK,af150cb029556c4ebfbbf2ec8199cae4fe2b9b688c2d76eda6b597b95630452b,"heartbeat",0.2.0
Mon Oct 20 12:08:28 2025,8648,"RRO.exe",heartbeat,0,OK,af150cb029556c4ebfbbf2ec8199cae4fe2b9b688c2d76eda6b597b95630452b,"heartbeat",0.2.0
Mon Oct 20 12:08:58 2025,8648,"RRO.exe",heartbeat,0,OK,af150cb029556c4ebfbbf2ec8199cae4fe2b9b688c2d76eda6b597b95630452b,"heartbeat",0.2.0
Mon Oct 20 12:09:28 2025,8648,"RRO.exe",heartbeat,0,OK,af150cb029556c4ebfbbf2ec8199cae4fe2b9b688c2d76eda6b597b95630452b,"heartbeat",0.2.0
Mon Oct 20 12:09:58 2025,8648,"RRO.exe",heartbeat,0,OK,af150cb029556c4ebfbbf2ec8199cae4fe2b9b688c2d76eda6b597b95630452b,"heartbeat",0.2.0
Mon Oct 20 12:10:28 2025,8648,"RRO.exe",heartbeat,0,OK,af150cb029556c4ebfbbf2ec8199cae4fe2b9b688c2d76eda6b597b95630452b,"heartbeat",0.2.0
Mon Oct 20 12:10:58 2025,8648,"RRO.exe",heartbeat,0,OK,af150cb029556c4ebfbbf2ec8199cae4fe2b9b688c2d76eda6b597b95630452b,"heartbeat",0.2.0
Mon Oct 20 12:11:28 2025,8648,"RRO.exe",heartbeat,0,OK,af150cb029556c4ebfbbf2ec8199cae4fe2b9b688c2d76eda6b597b95630452b,"heartbeat",0.2.0
Mon Oct 20 12:11:58 2025,8648,"RRO.exe",heartbeat,0,OK,af150cb029556c4ebfbbf2ec8199cae4fe2b9b688c2d76eda6b597b95630452b,"heartbeat",0.2.0
Mon Oct 20 12:12:28 2025,8648,"RRO.exe",heartbeat,0,OK,af150cb029556c4ebfbbf2ec8199cae4fe2b9b688c2d76eda6b597b95630452b,"heartbeat",0.2.0
Mon Oct 20 12:12:58 2025,8648,"RRO.exe",heartbeat,0,OK,af150cb029556c4ebfbbf2ec8199cae4fe2b9b688c2d76eda6b597b95630452b,"heartbeat",0.2.0
Mon Oct 20 12:13:28 2025,8648,"RRO.exe",heartbeat,0,OK,af150cb029556c4ebfbbf2ec8199cae4fe2b9b688c2d76eda6b597b95630452b,"heartbeat",0.2.0
Mon Oct 20 12:13:58 2025,8648,"RRO.exe",heartbeat,0,OK,af150cb029556c4ebfbbf2ec8199cae4fe2b9b688c2d76eda6b597b95630452b,"heartbeat",0.2.0
Mon Oct 20 12:14:28 2025,8648,"RRO.exe",heartbeat,0,OK,af150cb029556c4ebfbbf2ec8199cae4fe2b9b688c2d76eda6b597b95630452b,"heartbeat",0.2.0
Mon Oct 20 12:14:58 2025,8648,"RRO.exe",heartbeat,0,OK,af150cb029556c4ebfbbf2ec8199cae4fe2b9b688c2d76eda6b597b95630452b,"heartbeat",0.2.0
Mon Oct 20 12:15:28 2025,8648,"RRO.exe",heartbeat,0,OK,af150cb029556c4ebfbbf2ec8199cae4fe2b9b688c2d76eda6b597b95630452b,"heartbeat",0.2.0
Mon Oct 20 12:15:58 2025,8648,"RRO.exe",heartbeat,0,OK,af150cb029556c4ebfbbf2ec8199cae4fe2b9b688c2d76eda6b597b95630452b,"heartbeat",0.2.0
Mon Oct 20 12:16:28 2025,8648,"RRO.exe",heartbeat,0,OK,af150cb029556c4ebfbbf2ec8199cae4fe2b9b688c2d76eda6b597b95630452b,"heartbeat",0.2.0
Mon Oct 20 12:16:58 2025,8648,"RRO.exe",heartbeat,0,OK,af150cb029556c4ebfbbf2ec8199cae4fe2b9b688c2d76eda6b597b95630452b,"heartbeat",0.2.0
Mon Oct 20 12:17:28 2025,8648,"RRO.exe",heartbeat,0,OK,af150cb029556c4ebfbbf2ec8199cae4fe2b9b688c2d76eda6b597b95630452b,"heartbeat",0.2.0
Mon Oct 20 12:17:58 2025,8648,"RRO.exe",heartbeat,0,OK,af150cb029556c4ebfbbf2ec8199cae4fe2b9b688c2d76eda6b597b95630452b,"heartbeat",0.2.0
Mon Oct 20 12:18:28 2025,8648,"RRO.exe",heartbeat,0,OK,af150cb029556c4ebfbbf2ec8199cae4fe2b9b688c2d76eda6b597b95630452b,"heartbeat",0.2.0
Mon Oct 20 12:18:58 2025,8648,"RRO.exe",heartbeat,0,OK,af150cb029556c4ebfbbf2ec8199cae4fe2b9b688c2d76eda6b597b95630452b,"heartbeat",0.2.0
Mon Oct 20 12:19:28 2025,8648,"RRO.exe",heartbeat,0,OK,af150cb029556c4ebfbbf2ec8199cae4fe2b9b688c2d76eda6b597b95630452b,"heartbeat",0.2.0
Mon Oct 20 12:19:58 2025,8648,"RRO.exe",heartbeat,0,OK,af150cb029556c4ebfbbf2ec8199cae4fe2b9b688c2d76eda6b597b95630452b,"heartbeat",0.2.0
Mon Oct 20 12:20:28 2025,8648,"RRO.exe",heartbeat,0,OK,af150cb029556c4ebfbbf2ec8199cae4fe2b9b688c2d76eda6b597b95630452b,"heartbeat",0.2.0
Mon Oct 20 12:20:58 2025,8648,"RRO.exe",heartbeat,0,OK,af150cb029556c4ebfbbf2ec8199cae4fe2b9b688c2d76eda6b597b95630452b,"heartbeat",0.2.0
Mon Oct 20 12:21:28 2025,8648,"RRO.exe",heartbeat,0,OK,af150cb029556c4ebfbbf2ec8199cae4fe2b9b688c2d76eda6b597b95630452b,"heartbeat",0.2.0
Tue Oct 21 00:41:15 2025,1908,"RRO.exe",heartbeat,0,OK,af150cb029556c4ebfbbf2ec8199cae4fe2b9b688c2d76eda6b597b95630452b,"heartbeat",0.2.0
Tue Oct 21 00:41:45 2025,1908,"RRO.exe",heartbeat,0,OK,af150cb029556c4ebfbbf2ec8199cae4fe2b9b688c2d76eda6b597b95630452b,"heartbeat",0.2.0
Tue Oct 21 00:50:12 2025,17088,"Cheat Engine (Admin)",overlay,3,OK,af150cb029556c4ebfbbf2ec8199cae4fe2b9b688c2d76eda6b597b95630452b,"Suspicious overlay detected: title='Cheat Engine (Admin)' class='Window'",0.2.0
Tue Oct 21 00:51:07 2025,11920,"RRO.exe",heartbeat,0,OK,af150cb029556c4ebfbbf2ec8199cae4fe2b9b688c2d76eda6b597b95630452b,"heartbeat",0.2.0
Tue Oct 21 00:51:37 2025,11920,"RRO.exe",heartbeat,0,OK,af150cb029556c4ebfbbf2ec8199cae4fe2b9b688c2d76eda6b597b95630452b,"heartbeat",0.2.0
Tue Oct 21 01:03:58 2025,12680,"RRO.exe",heartbeat,0,OK,af150cb029556c4ebfbbf2ec8199cae4fe2b9b688c2d76eda6b597b95630452b,"heartbeat",0.2.0
Tue Oct 21 01:04:28 2025,12680,"RRO.exe",heartbeat,0,OK,af150cb029556c4ebfbbf2ec8199cae4fe2b9b688c2d76eda6b597b95630452b,"heartbeat",0.2.0
Tue Oct 21 01:04:58 2025,12680,"RRO.exe",heartbeat,0,OK,af150cb029556c4ebfbbf2ec8199cae4fe2b9b688c2d76eda6b597b95630452b,"heartbeat",0.2.0
Tue Oct 21 13:15:18 2025,8996,"Cheat Engine (Admin)",overlay,3,OK,af150cb029556c4ebfbbf2ec8199cae4fe2b9b688c2d76eda6b597b95630452b,"Suspicious overlay detected: title='Cheat Engine (Admin)' class='Window'",0.2.0
Tue Oct 21 13:16:09 2025,15596,"RRO.exe",heartbeat,0,OK,af150cb029556c4ebfbbf2ec8199cae4fe2b9b688c2d76eda6b597b95630452b,"heartbeat",0.2.0
Tue Oct 21 13:16:39 2025,15596,"RRO.exe",heartbeat,0,OK,af150cb029556c4ebfbbf2ec8199cae4fe2b9b688c2d76eda6b597b95630452b,"heartbeat",0.2.0
Tue Oct 21 13:23:55 2025,1356,"RRO.exe",heartbeat,0,OK,af150cb029556c4ebfbbf2ec8199cae4fe2b9b688c2d76eda6b597b95630452b,"heartbeat",0.2.0
Wed Oct 22 01:23:20 2025,14220,"process",process,5,OK,af150cb029556c4ebfbbf2ec8199cae4fe2b9b688c2d76eda6b597b95630452b,"Cheat Engine artifact: module 'cheatengine-i386.exe' in 'C:\Program Files\Cheat Engine\cheatengine-i386.exe'",0.2.0
Wed Oct 22 01:24:02 2025,18680,"RRO.exe",heartbeat,0,OK,af150cb029556c4ebfbbf2ec8199cae4fe2b9b688c2d76eda6b597b95630452b,"heartbeat",0.2.0
Wed Oct 22 01:24:32 2025,18680,"RRO.exe",heartbeat,0,OK,af150cb029556c4ebfbbf2ec8199cae4fe2b9b688c2d76eda6b597b95630452b,"heartbeat",0.2.0
Wed Oct 22 01:30:20 2025,7464,"Lunar Engine 7.2",overlay,3,OK,af150cb029556c4ebfbbf2ec8199cae4fe2b9b688c2d76eda6b597b95630452b,"Suspicious overlay detected: title='Lunar Engine 7.2' class='Window'",0.2.0
Wed Oct 22 01:31:14 2025,14220,"RRO.exe",heartbeat,0,OK,af150cb029556c4ebfbbf2ec8199cae4fe2b9b688c2d76eda6b597b95630452b,"heartbeat",0.2.0
Wed Oct 22 01:48:52 2025,4040,"process",process,2,OK,af150cb029556c4ebfbbf2ec8199cae4fe2b9b688c2d76eda6b597b95630452b,"VersionInfo(OriginalFilename): 'UltraViewer_Service.exe'. ",0.2.0
Wed Oct 22 01:49:08 2025,18168,"Oblivion AntiCheat",overlay,3,OK,af150cb029556c4ebfbbf2ec8199cae4fe2b9b688c2d76eda6b597b95630452b,"Suspicious overlay detected: title='Oblivion AntiCheat' class='#32770'",0.2.0
Wed Oct 22 01:49:22 2025,18168,"RRO.exe",heartbeat,0,OK,af150cb029556c4ebfbbf2ec8199cae4fe2b9b688c2d76eda6b597b95630452b,"heartbeat",0.2.0
Wed Oct 22 02:03:15 2025,17688,"RRO.exe",heartbeat,0,OK,af150cb029556c4ebfbbf2ec8199cae4fe2b9b688c2d76eda6b597b95630452b,"heartbeat",0.2.0
Wed Oct 22 02:03:47 2025,17688,"RRO.exe",heartbeat,0,OK,af150cb029556c4ebfbbf2ec8199cae4fe2b9b688c2d76eda6b597b95630452b,"heartbeat",0.2.0
Wed Oct 22 02:04:17 2025,17688,"RRO.exe",heartbeat,0,OK,af150cb029556c4ebfbbf2ec8199cae4fe2b9b688c2d76eda6b597b95630452b,"heartbeat",0.2.0
Wed Oct 22 02:04:47 2025,17688,"RRO.exe",heartbeat,0,OK,af150cb029556c4ebfbbf2ec8199cae4fe2b9b688c2d76eda6b597b95630452b,"heartbeat",0.2.0
Sat Nov  1 15:18:48 2025,11912,"process",process,5,OK,af150cb029556c4ebfbbf2ec8199cae4fe2b9b688c2d76eda6b597b95630452b,"Cheat Engine artifact: module 'cheatengine-i386.exe' in 'C:\Program Files\Cheat Engine\cheatengine-i386.exe'",0.2.0
Sat Nov  1 15:19:30 2025,22764,"RRO.exe",heartbeat,0,OK,af150cb029556c4ebfbbf2ec8199cae4fe2b9b688c2d76eda6b597b95630452b,"heartbeat",0.2.0
Sat Nov  1 15:20:00 2025,22764,"RRO.exe",heartbeat,0,OK,af150cb029556c4ebfbbf2ec8199cae4fe2b9b688c2d76eda6b597b95630452b,"heartbeat",0.2.0
Sat Nov  1 15:20:30 2025,22764,"RRO.exe",heartbeat,0,OK,af150cb029556c4ebfbbf2ec8199cae4fe2b9b688c2d76eda6b597b95630452b,"heartbeat",0.2.0
Sat Nov  1 15:21:00 2025,22764,"RRO.exe",heartbeat,0,OK,af150cb029556c4ebfbbf2ec8199cae4fe2b9b688c2d76eda6b597b95630452b,"heartbeat",0.2.0
Sat Nov  1 15:21:30 2025,22764,"RRO.exe",heartbeat,0,OK,af150cb029556c4ebfbbf2ec8199cae4fe2b9b688c2d76eda6b597b95630452b,"heartbeat",0.2.0
Sat Nov  1 15:22:00 2025,22764,"RRO.exe",heartbeat,0,OK,af150cb029556c4ebfbbf2ec8199cae4fe2b9b688c2d76eda6b597b95630452b,"heartbeat",0.2.0
Sat Nov  1 19:58:16 2025,15268,"process",process,5,OK,af150cb029556c4ebfbbf2ec8199cae4fe2b9b688c2d76eda6b597b95630452b,"Cheat Engine artifact: module 'cheatengine-i386.exe' in 'C:\Program Files\Cheat Engine\cheatengine-i386.exe'",0.2.0
Sat Nov  1 19:58:53 2025,24728,"RRO.exe",heartbeat,0,OK,af150cb029556c4ebfbbf2ec8199cae4fe2b9b688c2d76eda6b597b95630452b,"heartbeat",0.2.0
Sat Nov  1 19:59:23 2025,24728,"RRO.exe",heartbeat,0,OK,af150cb029556c4ebfbbf2ec8199cae4fe2b9b688c2d76eda6b597b95630452b,"heartbeat",0.2.0
Sat Nov  1 20:00:28 2025,22320,"RRO.exe",heartbeat,0,OK,af150cb029556c4ebfbbf2ec8199cae4fe2b9b688c2d76eda6b597b95630452b,"heartbeat",0.2.0
Sat Nov  1 20:00:58 2025,22320,"RRO.exe",heartbeat,0,OK,af150cb029556c4ebfbbf2ec8199cae4fe2b9b688c2d76eda6b597b95630452b,"heartbeat",0.2.0
Sat Nov  1 20:24:46 2025,20860,"process",process,5,OK,af150cb029556c4ebfbbf2ec8199cae4fe2b9b688c2d76eda6b597b95630452b,"Cheat Engine artifact: module 'cheatengine-i386.exe' in 'C:\Program Files\Cheat Engine\cheatengine-i386.exe'",0.2.0
Sat Nov  1 20:25:10 2025,23420,"process",process,5,OK,af150cb029556c4ebfbbf2ec8199cae4fe2b9b688c2d76eda6b597b95630452b,"Cheat Engine artifact: module 'cheatengine-i386.exe' in 'C:\Program Files\Cheat Engine\cheatengine-i386.exe'",0.2.0
Sat Nov  1 23:59:16 2025,6160,"RRO.exe",heartbeat,0,OK,af150cb029556c4ebfbbf2ec8199cae4fe2b9b688c2d76eda6b597b95630452b,"heartbeat",0.2.0
Sat Nov  1 23:59:46 2025,6160,"RRO.exe",heartbeat,0,OK,af150cb029556c4ebfbbf2ec8199cae4fe2b9b688c2d76eda6b597b95630452b,"heartbeat",0.2.0
Sun Nov  2 00:00:16 2025,6160,"RRO.exe",heartbeat,0,OK,af150cb029556c4ebfbbf2ec8199cae4fe2b9b688c2d76eda6b597b95630452b,"heartbeat",0.2.0
Sun Nov  2 00:00:46 2025,6160,"RRO.exe",heartbeat,0,OK,af150cb029556c4ebfbbf2ec8199cae4fe2b9b688c2d76eda6b597b95630452b,"heartbeat",0.2.0
Sun Nov  2 00:02:23 2025,19708,"process",process,5,OK,af150cb029556c4ebfbbf2ec8199cae4fe2b9b688c2d76eda6b597b95630452b,"Cheat Engine artifact: module 'cheatengine-i386.exe' in 'C:\Program Files\Cheat Engine\cheatengine-i386.exe'",0.2.0
Sun Nov  2 01:11:06 2025,21880,"process",process,5,OK,af150cb029556c4ebfbbf2ec8199cae4fe2b9b688c2d76eda6b597b95630452b,"Cheat Engine artifact: module 'cheatengine-i386.exe' in 'C:\Program Files\Cheat Engine\cheatengine-i386.exe'",0.2.0
Sun Nov  2 15:12:35 2025,18552,"RRO.exe",heartbeat,0,OK,af150cb029556c4ebfbbf2ec8199cae4fe2b9b688c2d76eda6b597b95630452b,"heartbeat",0.2.0
Sun Nov  2 15:13:05 2025,18552,"RRO.exe",heartbeat,0,OK,af150cb029556c4ebfbbf2ec8199cae4fe2b9b688c2d76eda6b597b95630452b,"heartbeat",0.2.0
Sun Nov  2 15:13:35 2025,18552,"RRO.exe",heartbeat,0,OK,af150cb029556c4ebfbbf2ec8199cae4fe2b9b688c2d76eda6b597b95630452b,"heartbeat",0.2.0
Sun Nov  2 15:14:05 2025,18552,"RRO.exe",heartbeat,0,OK,af150cb029556c4ebfbbf2ec8199cae4fe2b9b688c2d76eda6b597b95630452b,"heartbeat",0.2.0
Mon Nov  3 22:24:38 2025,13060,"process",process,5,OK,af150cb029556c4ebfbbf2ec8199cae4fe2b9b688c2d76eda6b597b95630452b,"Cheat Engine artifact: module 'cheatengine-i386.exe' in 'C:\Program Files\Cheat Engine\cheatengine-i386.exe'",0.2.0
Mon Nov  3 22:47:38 2025,1532,"RRO.exe",heartbeat,0,OK,af150cb029556c4ebfbbf2ec8199cae4fe2b9b688c2d76eda6b597b95630452b,"heartbeat",0.2.0
Mon Nov  3 22:50:40 2025,4204,"RRO.exe",heartbeat,0,OK,af150cb029556c4ebfbbf2ec8199cae4fe2b9b688c2d76eda6b597b95630452b,"heartbeat",0.2.0
Mon Nov  3 22:51:10 2025,4204,"RRO.exe",heartbeat,0,OK,af150cb029556c4ebfbbf2ec8199cae4fe2b9b688c2d76eda6b597b95630452b,"heartbeat",0.2.0
Tue Nov  4 00:03:43 2025,11000,"RRO.exe",heartbeat,0,OK,af150cb029556c4ebfbbf2ec8199cae4fe2b9b688c2d76eda6b597b95630452b,"heartbeat",0.2.0
